{
  "project_info": {
    "project_number": "59395140215",
    "firebase_url": "https://travelmantics-4f351.firebaseio.com",
    "project_id": "travelmantics-4f351",
    "storage_bucket": "travelmantics-4f351.appspot.com"
  },
  "client": [
    {
      "client_info": {
        "mobilesdk_app_id": "1:59395140215:android:b4470d06b32c6715",
        "android_client_info": {
          "package_name": "com.example.travelmantics"
        }
      },
      "oauth_client": [
        {
          "client_id": "59395140215-sae0fh60r3oujmopomuapnro82krofpu.apps.googleusercontent.com",
          "client_type": 1,
          "android_info": {
            "package_name": "com.example.travelmantics",
            "certificate_hash": "a920cc3df60d9ece16a8639bda42c99327d4a627"
          }
        },
        {
          "client_id": "59395140215-llgchel5ivv82huv0sur98as50sp2o31.apps.googleusercontent.com",
          "client_type": 3
        }
      ],
      "api_key": [
        {
          "current_key": "AIzaSyAyiWSDfnZqGo6xPheXJc-HYAKNPgQ2X-Q"
        }
      ],
      "services": {
        "appinvite_service": {
          "other_platform_oauth_client": [
            {
              "client_id": "59395140215-llgchel5ivv82huv0sur98as50sp2o31.apps.googleusercontent.com",
              "client_type": 3
            }
          ]
        }
      }
    }
  ],
  "configuration_version": "1"
}